t,Y(t+1),Y(t),Total P Adopters,Total Q Adopters
0,0,0,0
1,0,3,97
2,97,8,97
3,97,8,97
4,97,8,97
5,97,8,97
6,97,8,97
7,97,8,97
8,97,8,97
9,97,8,97
10,97,8,97
11,97,8,97
12,97,8,97
13,97,8,97
14,97,8,97
15,97,8,97
16,97,8,97
17,97,8,97
18,97,8,97
19,97,8,97
20,97,8,97
21,97,8,97
22,97,8,97
23,97,8,97
24,97,8,97
25,97,8,97
26,97,8,97
27,97,8,97
28,97,8,97
29,97,8,97
30,97,8,97
31,97,8,97
32,97,8,97
33,97,8,97
34,97,8,97
35,97,8,97
36,97,8,97
37,97,8,97
38,97,8,97
39,97,8,97
40,97,8,97
41,97,8,97
42,97,8,97
43,97,8,97
44,97,8,97
45,97,8,97
46,97,8,97
47,97,8,97
48,97,8,97
49,97,8,97
50,97,8,97
51,97,8,97
52,97,8,97
53,97,8,97
54,97,8,97
55,97,8,97
56,97,8,97
57,97,8,97
58,97,8,97
59,97,8,97
60,97,8,97
61,97,8,97
62,97,8,97
63,97,8,97
64,97,8,97
65,97,8,97
66,97,8,97
67,97,8,97
68,97,8,97
69,97,8,97
70,97,8,97
71,97,8,97
72,97,8,97
73,97,8,97
74,97,8,97
75,97,8,97
76,97,8,97
77,97,8,97
78,97,8,97
79,97,8,97
80,97,8,97
81,97,8,97
82,97,8,97
83,97,8,97
84,97,8,97
85,97,8,97
86,97,8,97
87,97,8,97
88,97,8,97
89,97,8,97
90,97,8,97
91,97,8,97
92,97,8,97
93,97,8,97
94,97,8,97
95,97,8,97
96,97,8,97
97,97,8,97
98,97,8,97
99,97,8,97
100,97,8,97
101,97,8,97
102,97,8,97
103,97,8,97
104,97,8,97
105,97,8,97
106,97,8,97
107,97,8,97
108,97,8,97
109,97,8,97
110,97,8,97
111,97,8,97
112,97,8,97
113,97,8,97
114,97,8,97
115,97,8,97
116,97,8,97
117,97,8,97
118,97,8,97
119,97,8,97
120,97,8,97
121,97,8,97
122,97,8,97
123,97,8,97
124,97,8,97
125,97,8,97
126,97,8,97
127,97,8,97
128,97,8,97
129,97,8,97
130,97,8,97
131,97,8,97
132,97,8,97
133,97,8,97
134,97,8,97
135,97,8,97
136,97,8,97
137,97,8,97
138,97,8,97
139,97,8,97
140,97,8,97
141,97,8,97
142,97,8,97
143,97,8,97
144,97,8,97
145,97,8,97
146,97,8,97
147,97,8,97
148,97,8,97
149,97,8,97
150,97,8,97
151,97,8,97
152,97,8,97
153,97,8,97
154,97,8,97
155,97,8,97
156,97,8,97
157,97,8,97
158,97,8,97
159,97,8,97
160,97,8,97
161,97,8,97
162,97,8,97
163,97,8,97
164,97,8,97
165,97,8,97
166,97,8,97
167,97,8,97
168,97,8,97
169,97,8,97
170,97,8,97
171,97,8,97
172,97,8,97
173,97,8,97
174,97,8,97
175,97,8,97
176,97,8,97
177,97,8,97
178,97,8,97
179,97,8,97
180,97,8,97
181,97,8,97
182,97,8,97
183,97,8,97
184,97,8,97
185,97,8,97
186,97,8,97
187,97,8,97
188,97,8,97
189,97,8,97
190,97,8,97
191,97,8,97
192,97,8,97
193,97,8,97
194,97,8,97
195,97,8,97
196,97,8,97
197,97,8,97
198,97,8,97
199,97,8,97
200,97,8,97
201,97,8,97
202,97,8,97
203,97,8,97
204,97,8,97
205,97,8,97
206,97,8,97
207,97,8,97
208,97,8,97
209,97,8,97
210,97,8,97
211,97,8,97
212,97,8,97
213,97,8,97
214,97,8,97
215,97,8,97
216,97,8,97
217,97,8,97
218,97,8,97
219,97,8,97
220,97,8,97
221,97,8,97
222,97,8,97
223,97,8,97
224,97,8,97
225,97,8,97
226,97,8,97
227,97,8,97
228,97,8,97
229,97,8,97
230,97,8,97
231,97,8,97
232,97,8,97
233,97,8,97
234,97,8,97
235,97,8,97
236,97,8,97
237,97,8,97
238,97,8,97
239,97,8,97
240,97,8,97
241,97,8,97
242,97,8,97
243,97,8,97
244,97,8,97
245,97,8,97
246,97,8,97
247,97,8,97
248,97,8,97
249,97,8,97
250,97,8,97
251,97,8,97
252,97,8,97
253,97,8,97
254,97,8,97
255,97,8,97
256,97,8,97
257,97,8,97
258,97,8,97
259,97,8,97
260,97,8,97
261,97,8,97
262,97,8,97
263,97,8,97
264,97,8,97
265,97,8,97
266,97,8,97
267,97,8,97
268,97,8,97
269,97,8,97
270,97,8,97
271,97,8,97
272,97,8,97
273,97,8,97
274,97,8,97
275,97,8,97
276,97,8,97
277,97,8,97
278,97,8,97
279,97,8,97
280,97,8,97
281,97,8,97
282,97,8,97
283,97,8,97
284,97,8,97
285,97,8,97
286,97,8,97
287,97,8,97
288,97,8,97
289,97,8,97
290,97,8,97
291,97,8,97
292,97,8,97
293,97,8,97
294,97,8,97
295,97,8,97
296,97,8,97
297,97,8,97
298,97,8,97
299,97,8,97
300,97,8,97
301,97,8,97
302,97,8,97
303,97,8,97
304,97,8,97
305,97,8,97
306,97,8,97
307,97,8,97
308,97,8,97
309,97,8,97
310,97,8,97
311,97,8,97
312,97,8,97
313,97,8,97
314,97,8,97
315,97,8,97
316,97,8,97
317,97,8,97
318,97,8,97
319,97,8,97
320,97,8,97
321,97,8,97
322,97,8,97
323,97,8,97
324,97,8,97
325,97,8,97
326,97,8,97
327,97,8,97
328,97,8,97
329,97,8,97
330,97,8,97
331,97,8,97
332,97,8,97
333,97,8,97
334,97,8,97
335,97,8,97
336,97,8,97
337,97,8,97
338,97,8,97
339,97,8,97
340,97,8,97
341,97,8,97
342,97,8,97
343,97,8,97
344,97,8,97
345,97,8,97
346,97,8,97
347,97,8,97
348,97,8,97
349,97,8,97
350,97,8,97
351,97,8,97
352,97,8,97
353,97,8,97
354,97,8,97
355,97,8,97
356,97,8,97
357,97,8,97
358,97,8,97
359,97,8,97
360,97,8,97
361,97,8,97
362,97,8,97
363,97,8,97
364,97,8,97
365,97,8,97
366,97,8,97
367,97,8,97
368,97,8,97
369,97,8,97
370,97,8,97
371,97,8,97
372,97,8,97
373,97,8,97
374,97,8,97
375,97,8,97
376,97,8,97
377,97,8,97
378,97,8,97
379,97,8,97
380,97,8,97
381,97,8,97
382,97,8,97
383,97,8,97
384,97,8,97
385,97,8,97
386,97,8,97
387,97,8,97
388,97,8,97
389,97,8,97
390,97,8,97
391,97,8,97
392,97,8,97
393,97,8,97
394,97,8,97
395,97,8,97
396,97,8,97
397,97,8,97
398,97,8,97
399,97,8,97
400,97,8,97
401,97,8,97
402,97,8,97
403,97,8,97
404,97,8,97
405,97,8,97
406,97,8,97
407,97,8,97
408,97,8,97
409,97,8,97
410,97,8,97
411,97,8,97
412,97,8,97
413,97,8,97
414,97,8,97
415,97,8,97
416,97,8,97
417,97,8,97
418,97,8,97
419,97,8,97
420,97,8,97
421,97,8,97
422,97,8,97
423,97,8,97
424,97,8,97
425,97,8,97
426,97,8,97
427,97,8,97
428,97,8,97
429,97,8,97
430,97,8,97
431,97,8,97
432,97,8,97
433,97,8,97
434,97,8,97
435,97,8,97
436,97,8,97
437,97,8,97
438,97,8,97
439,97,8,97
440,97,8,97
441,97,8,97
442,97,8,97
443,97,8,97
444,97,8,97
445,97,8,97
446,97,8,97
447,97,8,97
448,97,8,97
449,97,8,97
450,97,8,97
451,97,8,97
452,97,8,97
453,97,8,97
454,97,8,97
455,97,8,97
456,97,8,97
457,97,8,97
458,97,8,97
459,97,8,97
460,97,8,97
461,97,8,97
462,97,8,97
463,97,8,97
464,97,8,97
465,97,8,97
466,97,8,97
467,97,8,97
468,97,8,97
469,97,8,97
470,97,8,97
471,97,8,97
472,97,8,97
473,97,8,97
474,97,8,97
475,97,8,97
476,97,8,97
477,97,8,97
478,97,8,97
479,97,8,97
480,97,8,97
481,97,8,97
482,97,8,97
483,97,8,97
484,97,8,97
485,97,8,97
486,97,8,97
487,97,8,97
488,97,8,97
489,97,8,97
490,97,8,97
491,97,8,97
492,97,8,97
493,97,8,97
494,97,8,97
495,97,8,97
496,97,8,97
497,97,8,97
498,97,8,97
499,97,8,97
500,97,8,97
501,97,8,97
502,97,8,97
503,97,8,97
504,97,8,97
505,97,8,97
506,97,8,97
507,97,8,97
508,97,8,97
509,97,8,97
510,97,8,97
511,97,8,97
512,97,8,97
513,97,8,97
514,97,8,97
515,97,8,97
516,97,8,97
517,97,8,97
518,97,8,97
519,97,8,97
520,97,8,97
521,97,8,97
522,97,8,97
523,97,8,97
524,97,8,97
525,97,8,97
526,97,8,97
527,97,8,97
528,97,8,97
529,97,8,97
530,97,8,97
531,97,8,97
532,97,8,97
533,97,8,97
534,97,8,97
535,97,8,97
536,97,8,97
537,97,8,97
538,97,8,97
539,97,8,97
540,97,8,97
541,97,8,97
542,97,8,97
543,97,8,97
544,97,8,97
545,97,8,97
546,97,8,97
547,97,8,97
548,97,8,97
549,97,8,97
550,97,8,97
551,97,8,97
552,97,8,97
553,97,8,97
554,97,8,97
555,97,8,97
556,97,8,97
557,97,8,97
558,97,8,97
559,97,8,97
560,97,8,97
561,97,8,97
562,97,8,97
563,97,8,97
564,97,8,97
565,97,8,97
566,97,8,97
567,97,8,97
568,97,8,97
569,97,8,97
570,97,8,97
571,97,8,97
572,97,8,97
573,97,8,97
574,97,8,97
575,97,8,97
576,97,8,97
577,97,8,97
578,97,8,97
579,97,8,97
580,97,8,97
581,97,8,97
582,97,8,97
583,97,8,97
584,97,8,97
585,97,8,97
586,97,8,97
587,97,8,97
588,97,8,97
589,97,8,97
590,97,8,97
591,97,8,97
592,97,8,97
593,97,8,97
594,97,8,97
595,97,8,97
596,97,8,97
597,97,8,97
598,97,8,97
599,97,8,97
600,97,8,97
601,97,8,97
602,97,8,97
603,97,8,97
604,97,8,97
605,97,8,97
606,97,8,97
607,97,8,97
608,97,8,97
609,97,8,97
610,97,8,97
611,97,8,97
612,97,8,97
613,97,8,97
614,97,8,97
615,97,8,97
616,97,8,97
617,97,8,97
618,97,8,97
619,97,8,97
620,97,8,97
621,97,8,97
622,97,8,97
623,97,8,97
624,97,8,97
625,97,8,97
626,97,8,97
627,97,8,97
628,97,8,97
629,97,8,97
630,97,8,97
631,97,8,97
632,97,8,97
633,97,8,97
634,97,8,97
635,97,8,97
636,97,8,97
637,97,8,97
638,97,8,97
639,97,8,97
640,97,8,97
641,97,8,97
642,97,8,97
643,97,8,97
644,97,8,97
645,97,8,97
646,97,8,97
647,97,8,97
648,97,8,97
649,97,8,97
650,97,8,97
651,97,8,97
652,97,8,97
653,97,8,97
654,97,8,97
655,97,8,97
656,97,8,97
657,97,8,97
658,97,8,97
659,97,8,97
660,97,8,97
661,97,8,97
662,97,8,97
663,97,8,97
664,97,8,97
665,97,8,97
666,97,8,97
667,97,8,97
668,97,8,97
669,97,8,97
670,97,8,97
671,97,8,97
672,97,8,97
673,97,8,97
674,97,8,97
675,97,8,97
676,97,8,97
677,97,8,97
678,97,8,97
679,97,8,97
680,97,8,97
681,97,8,97
682,97,8,97
683,97,8,97
684,97,8,97
685,97,8,97
686,97,8,97
687,97,8,97
688,97,8,97
689,97,8,97
690,97,8,97
691,97,8,97
692,97,8,97
693,97,8,97
694,97,8,97
695,97,8,97
696,97,8,97
697,97,8,97
698,97,8,97
699,97,8,97
700,97,8,97
701,97,8,97
702,97,8,97
703,97,8,97
704,97,8,97
705,97,8,97
706,97,8,97
707,97,8,97
708,97,8,97
709,97,8,97
710,97,8,97
711,97,8,97
712,97,8,97
713,97,8,97
714,97,8,97
715,97,8,97
716,97,8,97
717,97,8,97
718,97,8,97
719,97,8,97
720,97,8,97
721,97,8,97
722,97,8,97
723,97,8,97
724,97,8,97
725,97,8,97
726,97,8,97
727,97,8,97
728,97,8,97
729,97,8,97
730,97,8,97
731,97,8,97
732,97,8,97
733,97,8,97
734,97,8,97
735,97,8,97
736,97,8,97
737,97,8,97
738,97,8,97
739,97,8,97
740,97,8,97
741,97,8,97
742,97,8,97
743,97,8,97
744,97,8,97
745,97,8,97
746,97,8,97
747,97,8,97
748,97,8,97
749,97,8,97
750,97,8,97
751,97,8,97
752,97,8,97
753,97,8,97
754,97,8,97
755,97,8,97
756,97,8,97
757,97,8,97
758,97,8,97
759,97,8,97
760,97,8,97
761,97,8,97
762,97,8,97
763,97,8,97
764,97,8,97
765,97,8,97
766,97,8,97
767,97,8,97
768,97,8,97
769,97,8,97
770,97,8,97
771,97,8,97
772,97,8,97
773,97,8,97
774,97,8,97
775,97,8,97
776,97,8,97
777,97,8,97
778,97,8,97
779,97,8,97
780,97,8,97
781,97,8,97
782,97,8,97
783,97,8,97
784,97,8,97
785,97,8,97
786,97,8,97
787,97,8,97
788,97,8,97
789,97,8,97
790,97,8,97
791,97,8,97
792,97,8,97
793,97,8,97
794,97,8,97
795,97,8,97
796,97,8,97
797,97,8,97
798,97,8,97
799,97,8,97
800,97,8,97
801,97,8,97
802,97,8,97
803,97,8,97
804,97,8,97
805,97,8,97
806,97,8,97
807,97,8,97
808,97,8,97
809,97,8,97
810,97,8,97
811,97,8,97
812,97,8,97
813,97,8,97
814,97,8,97
815,97,8,97
816,97,8,97
817,97,8,97
818,97,8,97
819,97,8,97
820,97,8,97
821,97,8,97
822,97,8,97
823,97,8,97
824,97,8,97
825,97,8,97
826,97,8,97
827,97,8,97
828,97,8,97
829,97,8,97
830,97,8,97
831,97,8,97
832,97,8,97
833,97,8,97
834,97,8,97
835,97,8,97
836,97,8,97
837,97,8,97
838,97,8,97
839,97,8,97
840,97,8,97
841,97,8,97
842,97,8,97
843,97,8,97
844,97,8,97
845,97,8,97
846,97,8,97
847,97,8,97
848,97,8,97
849,97,8,97
850,97,8,97
851,97,8,97
852,97,8,97
853,97,8,97
854,97,8,97
855,97,8,97
856,97,8,97
857,97,8,97
858,97,8,97
859,97,8,97
860,97,8,97
861,97,8,97
862,97,8,97
863,97,8,97
864,97,8,97
865,97,8,97
866,97,8,97
867,97,8,97
868,97,8,97
869,97,8,97
870,97,8,97
871,97,8,97
872,97,8,97
873,97,8,97
874,97,8,97
875,97,8,97
876,97,8,97
877,97,8,97
878,97,8,97
879,97,8,97
880,97,8,97
881,97,8,97
882,97,8,97
883,97,8,97
884,97,8,97
885,97,8,97
886,97,8,97
887,97,8,97
888,97,8,97
889,97,8,97
890,97,8,97
891,97,8,97
892,97,8,97
893,97,8,97
894,97,8,97
895,97,8,97
896,97,8,97
897,97,8,97
898,97,8,97
899,97,8,97
900,97,8,97
901,97,8,97
902,97,8,97
903,97,8,97
904,97,8,97
905,97,8,97
906,97,8,97
907,97,8,97
908,97,8,97
909,97,8,97
910,97,8,97
911,97,8,97
912,97,8,97
913,97,8,97
914,97,8,97
915,97,8,97
916,97,8,97
917,97,8,97
918,97,8,97
919,97,8,97
920,97,8,97
921,97,8,97
922,97,8,97
923,97,8,97
924,97,8,97
925,97,8,97
926,97,8,97
927,97,8,97
928,97,8,97
929,97,8,97
930,97,8,97
931,97,8,97
932,97,8,97
933,97,8,97
934,97,8,97
935,97,8,97
936,97,8,97
937,97,8,97
938,97,8,97
939,97,8,97
940,97,8,97
941,97,8,97
942,97,8,97
943,97,8,97
944,97,8,97
945,97,8,97
946,97,8,97
947,97,8,97
948,97,8,97
949,97,8,97
950,97,8,97
951,97,8,97
952,97,8,97
953,97,8,97
954,97,8,97
955,97,8,97
956,97,8,97
957,97,8,97
958,97,8,97
959,97,8,97
960,97,8,97
961,97,8,97
962,97,8,97
963,97,8,97
964,97,8,97
965,97,8,97
966,97,8,97
967,97,8,97
968,97,8,97
969,97,8,97
970,97,8,97
971,97,8,97
972,97,8,97
973,97,8,97
974,97,8,97
975,97,8,97
976,97,8,97
977,97,8,97
978,97,8,97
979,97,8,97
980,97,8,97
981,97,8,97
982,97,8,97
983,97,8,97
984,97,8,97
985,97,8,97
986,97,8,97
987,97,8,97
988,97,8,97
989,97,8,97
990,97,8,97
991,97,8,97
992,97,8,97
993,97,8,97
994,97,8,97
995,97,8,97
996,97,8,97
997,97,8,97
998,97,8,97
999,97,8,97
1000,97,8,97
1001,97,8,97
1002,97,8,97
1003,97,8,97
1004,97,8,97
1005,97,8,97
1006,97,8,97
1007,97,8,97
1008,97,8,97
1009,97,8,97
1010,97,8,97
1011,97,8,97
1012,97,8,97
1013,97,8,97
1014,97,8,97
1015,97,8,97
1016,97,8,97
1017,97,8,97
1018,97,8,97
1019,97,8,97
1020,97,8,97
1021,97,8,97
1022,97,8,97
1023,97,8,97
1024,97,8,97
1025,97,8,97
1026,97,8,97
1027,97,8,97
1028,97,8,97
1029,97,8,97
1030,97,8,97
1031,97,8,97
1032,97,8,97
1033,97,8,97
1034,97,8,97
1035,97,8,97
1036,97,8,97
1037,97,8,97
1038,97,8,97
1039,97,8,97
1040,97,8,97
1041,97,8,97
1042,97,8,97
1043,97,8,97
1044,97,8,97
1045,97,8,97
1046,97,8,97
1047,97,8,97
1048,97,8,97
1049,97,8,97
1050,97,8,97
1051,97,8,97
1052,97,8,97
1053,97,8,97
1054,97,8,97
1055,97,8,97
1056,97,8,97
1057,97,8,97
1058,97,8,97
1059,97,8,97
1060,97,8,97
1061,97,8,97
1062,97,8,97
1063,97,8,97
1064,97,8,97
1065,97,8,97
1066,97,8,97
1067,97,8,97
1068,97,8,97
1069,97,8,97
1070,97,8,97
1071,97,8,97
1072,97,8,97
1073,97,8,97
1074,97,8,97
1075,97,8,97
1076,97,8,97
1077,97,8,97
1078,97,8,97
1079,97,8,97
1080,97,8,97
1081,97,8,97
1082,97,8,97
1083,97,8,97
1084,97,8,97
1085,97,8,97
1086,97,8,97
1087,97,8,97
1088,97,8,97
1089,97,8,97
1090,97,8,97
1091,97,8,97
1092,97,8,97
1093,97,8,97
1094,97,8,97
1095,97,8,97
1096,97,8,97
1097,97,8,97
1098,97,8,97
1099,97,8,97
1100,97,8,97
1101,97,8,97
1102,97,8,97
1103,97,8,97
1104,97,8,97
1105,97,8,97
1106,97,8,97
1107,97,8,97
1108,97,8,97
1109,97,8,97
1110,97,8,97
1111,97,8,97
1112,97,8,97
1113,97,8,97
1114,97,8,97
1115,97,8,97
1116,97,8,97
1117,97,8,97
1118,97,8,97
1119,97,8,97
1120,97,8,97
1121,97,8,97
1122,97,8,97
1123,97,8,97
1124,97,8,97
1125,97,8,97
1126,97,8,97
1127,97,8,97
1128,97,8,97
1129,97,8,97
1130,97,8,97
1131,97,8,97
1132,97,8,97
1133,97,8,97
1134,97,8,97
1135,97,8,97
1136,97,8,97
1137,97,8,97
1138,97,8,97
1139,97,8,97
1140,97,8,97
1141,97,8,97
1142,97,8,97
1143,97,8,97
1144,97,8,97
1145,97,8,97
1146,97,8,97
1147,97,8,97
1148,97,8,97
1149,97,8,97
1150,97,8,97
1151,97,8,97
1152,97,8,97
1153,97,8,97
1154,97,8,97
1155,97,8,97
1156,97,8,97
1157,97,8,97
1158,97,8,97
1159,97,8,97
1160,97,8,97
1161,97,8,97
1162,97,8,97
1163,97,8,97
1164,97,8,97
1165,97,8,97
1166,97,8,97
1167,97,8,97
1168,97,8,97
1169,97,8,97
1170,97,8,97
1171,97,8,97
1172,97,8,97
1173,97,8,97
1174,97,8,97
1175,97,8,97
1176,97,8,97
1177,97,8,97
1178,97,8,97
1179,97,8,97
1180,97,8,97
1181,97,8,97
1182,97,8,97
1183,97,8,97
1184,97,8,97
1185,97,8,97
1186,97,8,97
1187,97,8,97
1188,97,8,97
1189,97,8,97
1190,97,8,97
1191,97,8,97
1192,97,8,97
1193,97,8,97
1194,97,8,97
1195,97,8,97
1196,97,8,97
1197,97,8,97
1198,97,8,97
1199,97,8,97
1200,97,8,97
1201,97,8,97
1202,97,8,97
1203,97,8,97
1204,97,8,97
1205,97,8,97
1206,97,8,97
1207,97,8,97
1208,97,8,97
1209,97,8,97
1210,97,8,97
1211,97,8,97
1212,97,8,97
1213,97,8,97
1214,97,8,97
1215,97,8,97
1216,97,8,97
1217,97,8,97
1218,97,8,97
1219,97,8,97
1220,97,8,97
1221,97,8,97
1222,97,8,97
1223,97,8,97
1224,97,8,97
1225,97,8,97
1226,97,8,97
1227,97,8,97
1228,97,8,97
1229,97,8,97
1230,97,8,97
1231,97,8,97
1232,97,8,97
1233,97,8,97
1234,97,8,97
1235,97,8,97
1236,97,8,97
1237,97,8,97
1238,97,8,97
1239,97,8,97
1240,97,8,97
1241,97,8,97
1242,97,8,97
1243,97,8,97
1244,97,8,97
1245,97,8,97
1246,97,8,97
1247,97,8,97
1248,97,8,97
1249,97,8,97
1250,97,8,97
1251,97,8,97
1252,97,8,97
1253,97,8,97
1254,97,8,97
1255,97,8,97
1256,97,8,97
1257,97,8,97
1258,97,8,97
1259,97,8,97
1260,97,8,97
1261,97,8,97
1262,97,8,97
1263,97,8,97
1264,97,8,97
1265,97,8,97
1266,97,8,97
1267,97,8,97
1268,97,8,97
1269,97,8,97
1270,97,8,97
1271,97,8,97
1272,97,8,97
1273,97,8,97
1274,97,8,97
1275,97,8,97
1276,97,8,97
1277,97,8,97
1278,97,8,97
1279,97,8,97
1280,97,8,97
1281,97,8,97
1282,97,8,97
1283,97,8,97
1284,97,8,97
1285,97,8,97
1286,97,8,97
1287,97,8,97
1288,97,8,97
1289,97,8,97
1290,97,8,97
1291,97,8,97
1292,97,8,97
1293,97,8,97
1294,97,8,97
1295,97,8,97
1296,97,8,97
1297,97,8,97
1298,97,8,97
1299,97,8,97
1300,97,8,97
1301,97,8,97
1302,97,8,97
1303,97,8,97
1304,97,8,97
1305,97,8,97
1306,97,8,97
1307,97,8,97
1308,97,8,97
1309,97,8,97
1310,97,8,97
1311,97,8,97
1312,97,8,97
1313,97,8,97
1314,97,8,97
1315,97,8,97
1316,97,8,97
1317,97,8,97
1318,97,8,97
1319,97,8,97
1320,97,8,97
1321,97,8,97
1322,97,8,97
1323,97,8,97
1324,97,8,97
1325,97,8,97
1326,97,8,97
1327,97,8,97
1328,97,8,97
1329,97,8,97
1330,97,8,97
1331,97,8,97
1332,97,8,97
1333,97,8,97
1334,97,8,97
1335,97,8,97
1336,97,8,97
1337,97,8,97
1338,97,8,97
1339,97,8,97
1340,97,8,97
1341,97,8,97
1342,97,8,97
1343,97,8,97
1344,97,8,97
1345,97,8,97
1346,97,8,97
1347,97,8,97
1348,97,8,97
1349,97,8,97
1350,97,8,97
1351,97,8,97
1352,97,8,97
1353,97,8,97
1354,97,8,97
1355,97,8,97
1356,97,8,97
1357,97,8,97
1358,97,8,97
1359,97,8,97
1360,97,8,97
1361,97,8,97
1362,97,8,97
1363,97,8,97
1364,97,8,97
1365,97,8,97
1366,97,8,97
1367,97,8,97
1368,97,8,97
1369,97,8,97
1370,97,8,97
1371,97,8,97
1372,97,8,97
1373,97,8,97
1374,97,8,97
1375,97,8,97
1376,97,8,97
1377,97,8,97
1378,97,8,97
1379,97,8,97
1380,97,8,97
1381,97,8,97
1382,97,8,97
1383,97,8,97
1384,97,8,97
1385,97,8,97
1386,97,8,97
1387,97,8,97
1388,97,8,97
1389,97,8,97
1390,97,8,97
1391,97,8,97
1392,97,8,97
1393,97,8,97
1394,97,8,97
1395,97,8,97
1396,97,8,97
1397,97,8,97
1398,97,8,97
1399,97,8,97
1400,97,8,97
1401,97,8,97
1402,97,8,97
1403,97,8,97
1404,97,8,97
1405,97,8,97
1406,97,8,97
1407,97,8,97
1408,97,8,97
1409,97,8,97
1410,97,8,97
1411,97,8,97
1412,97,8,97
1413,97,8,97
1414,97,8,97
1415,97,8,97
1416,97,8,97
1417,97,8,97
1418,97,8,97
1419,97,8,97
1420,97,8,97
1421,97,8,97
1422,97,8,97
1423,97,8,97
1424,97,8,97
1425,97,8,97
1426,97,8,97
1427,97,8,97
1428,97,8,97
1429,97,8,97
1430,97,8,97
1431,97,8,97
1432,97,8,97
1433,97,8,97
1434,97,8,97
1435,97,8,97
1436,97,8,97
1437,97,8,97
1438,97,8,97
1439,97,8,97
1440,97,8,97
1441,97,8,97
1442,97,8,97
1443,97,8,97
1444,97,8,97
1445,97,8,97
1446,97,8,97
1447,97,8,97
1448,97,8,97
1449,97,8,97
1450,97,8,97
1451,97,8,97
1452,97,8,97
1453,97,8,97
1454,97,8,97
1455,97,8,97
1456,97,8,97
1457,97,8,97
1458,97,8,97
1459,97,8,97
1460,97,8,97
1461,97,8,97
1462,97,8,97
1463,97,8,97
1464,97,8,97
1465,97,8,97
1466,97,8,97
1467,97,8,97
1468,97,8,97
1469,97,8,97
1470,97,8,97
1471,97,8,97
1472,97,8,97
1473,97,8,97
1474,97,8,97
1475,97,8,97
1476,97,8,97
1477,97,8,97
1478,97,8,97
1479,97,8,97
1480,97,8,97
1481,97,8,97
1482,97,8,97
1483,97,8,97
1484,97,8,97
1485,97,8,97
1486,97,8,97
1487,97,8,97
1488,97,8,97
1489,97,8,97
1490,97,8,97
1491,97,8,97
1492,97,8,97
1493,97,8,97
1494,97,8,97
1495,97,8,97
1496,97,8,97
1497,97,8,97
1498,97,8,97
1499,97,8,97
1500,97,8,97
1501,97,8,97
1502,97,8,97
1503,97,8,97
1504,97,8,97
1505,97,8,97
1506,97,8,97
1507,97,8,97
1508,97,8,97
1509,97,8,97
1510,97,8,97
1511,97,8,97
1512,97,8,97
1513,97,8,97
1514,97,8,97
1515,97,8,97
1516,97,8,97
1517,97,8,97
1518,97,8,97
1519,97,8,97
1520,97,8,97
1521,97,8,97
1522,97,8,97
1523,97,8,97
1524,97,8,97
1525,97,8,97
1526,97,8,97
1527,97,8,97
1528,97,8,97
1529,97,8,97
1530,97,8,97
1531,97,8,97
1532,97,8,97
1533,97,8,97
1534,97,8,97
1535,97,8,97
1536,97,8,97
1537,97,8,97
1538,97,8,97
1539,97,8,97
1540,97,8,97
1541,97,8,97
1542,97,8,97
1543,97,8,97
1544,97,8,97
1545,97,8,97
1546,97,8,97
1547,97,8,97
1548,97,8,97
1549,97,8,97
1550,97,8,97
1551,97,8,97
1552,97,8,97
1553,97,8,97
1554,97,8,97
1555,97,8,97
1556,97,8,97
1557,97,8,97
1558,97,8,97
1559,97,8,97
1560,97,8,97
1561,97,8,97
1562,97,8,97
1563,97,8,97
1564,97,8,97
1565,97,8,97
1566,97,8,97
1567,97,8,97
1568,97,8,97
1569,97,8,97
1570,97,8,97
1571,97,8,97
1572,97,8,97
1573,97,8,97
1574,97,8,97
1575,97,8,97
1576,97,8,97
1577,97,8,97
1578,97,8,97
1579,97,8,97
1580,97,8,97
1581,97,8,97
1582,97,8,97
1583,97,8,97
1584,97,8,97
1585,97,8,97
1586,97,8,97
1587,97,8,97
1588,97,8,97
1589,97,8,97
1590,97,8,97
1591,97,8,97
1592,97,8,97
1593,97,8,97
1594,97,8,97
1595,97,8,97
1596,97,8,97
1597,97,8,97
1598,97,8,97
1599,97,8,97
1600,97,8,97
1601,97,8,97
1602,97,8,97
1603,97,8,97
1604,97,8,97
1605,97,8,97
1606,97,8,97
1607,97,8,97
1608,97,8,97
1609,97,8,97
1610,97,8,97
1611,97,8,97
1612,97,8,97
1613,97,8,97
1614,97,8,97
1615,97,8,97
1616,97,8,97
1617,97,8,97
1618,97,8,97
1619,97,8,97
1620,97,8,97
1621,97,8,97
1622,97,8,97
1623,97,8,97
1624,97,8,97
1625,97,8,97
1626,97,8,97
1627,97,8,97
1628,97,8,97
1629,97,8,97
1630,97,8,97
1631,97,8,97
1632,97,8,97
1633,97,8,97
1634,97,8,97
1635,97,8,97
1636,97,8,97
1637,97,8,97
1638,97,8,97
1639,97,8,97
1640,97,8,97
1641,97,8,97
1642,97,8,97
1643,97,8,97
1644,97,8,97
1645,97,8,97
1646,97,8,97
1647,97,8,97
1648,97,8,97
1649,97,8,97
1650,97,8,97
1651,97,8,97
1652,97,8,97
1653,97,8,97
1654,97,8,97
1655,97,8,97
1656,97,8,97
1657,97,8,97
1658,97,8,97
1659,97,8,97
1660,97,8,97
1661,97,8,97
1662,97,8,97
1663,97,8,97
1664,97,8,97
1665,97,8,97
1666,97,8,97
1667,97,8,97
1668,97,8,97
1669,97,8,97
1670,97,8,97
1671,97,8,97
1672,97,8,97
1673,97,8,97
1674,97,8,97
1675,97,8,97
1676,97,8,97
1677,97,8,97
1678,97,8,97
1679,97,8,97
1680,97,8,97
1681,97,8,97
1682,97,8,97
1683,97,8,97
1684,97,8,97
1685,97,8,97
1686,97,8,97
1687,97,8,97
1688,97,8,97
1689,97,8,97
1690,97,8,97
1691,97,8,97
1692,97,8,97
1693,97,8,97
1694,97,8,97
1695,97,8,97
1696,97,8,97
1697,97,8,97
1698,97,8,97
1699,97,8,97
1700,97,8,97
1701,97,8,97
1702,97,8,97
1703,97,8,97
1704,97,8,97
1705,97,8,97
1706,97,8,97
1707,97,8,97
1708,97,8,97
1709,97,8,97
1710,97,8,97
1711,97,8,97
1712,97,8,97
1713,97,8,97
1714,97,8,97
1715,97,8,97
1716,97,8,97
1717,97,8,97
1718,97,8,97
1719,97,8,97
1720,97,8,97
1721,97,8,97
1722,97,8,97
1723,97,8,97
1724,97,8,97
1725,97,8,97
1726,97,8,97
1727,97,8,97
1728,97,8,97
1729,97,8,97
1730,97,8,97
1731,97,8,97
1732,97,8,97
1733,97,8,97
1734,97,8,97
1735,97,8,97
1736,97,8,97
1737,97,8,97
1738,97,8,97
1739,97,8,97
1740,97,8,97
1741,97,8,97
1742,97,8,97
1743,97,8,97
1744,97,8,97
1745,97,8,97
1746,97,8,97
1747,97,8,97
1748,97,8,97
1749,97,8,97
1750,97,8,97
1751,97,8,97
1752,97,8,97
1753,97,8,97
1754,97,8,97
1755,97,8,97
1756,97,8,97
1757,97,8,97
1758,97,8,97
1759,97,8,97
1760,97,8,97
1761,97,8,97
1762,97,8,97
1763,97,8,97
1764,97,8,97
1765,97,8,97
1766,97,8,97
1767,97,8,97
1768,97,8,97
1769,97,8,97
1770,97,8,97
1771,97,8,97
1772,97,8,97
1773,97,8,97
1774,97,8,97
1775,97,8,97
1776,97,8,97
1777,97,8,97
1778,97,8,97
1779,97,8,97
1780,97,8,97
1781,97,8,97
1782,97,8,97
1783,97,8,97
1784,97,8,97
1785,97,8,97
1786,97,8,97
1787,97,8,97
1788,97,8,97
1789,97,8,97
1790,97,8,97
1791,97,8,97
1792,97,8,97
1793,97,8,97
1794,97,8,97
1795,97,8,97
1796,97,8,97
1797,97,8,97
1798,97,8,97
1799,97,8,97
1800,97,8,97
1801,97,8,97
1802,97,8,97
1803,97,8,97
1804,97,8,97
1805,97,8,97
1806,97,8,97
1807,97,8,97
1808,97,8,97
1809,97,8,97
1810,97,8,97
1811,97,8,97
1812,97,8,97
1813,97,8,97
1814,97,8,97
1815,97,8,97
1816,97,8,97
1817,97,8,97
1818,97,8,97
1819,97,8,97
1820,97,8,97
1821,97,8,97
1822,97,8,97
1823,97,8,97
1824,97,8,97
1825,97,8,97
1826,97,8,97
1827,97,8,97
1828,97,8,97
1829,97,8,97
1830,97,8,97
1831,97,8,97
1832,97,8,97
1833,97,8,97
1834,97,8,97
1835,97,8,97
1836,97,8,97
1837,97,8,97
1838,97,8,97
1839,97,8,97
1840,97,8,97
1841,97,8,97
1842,97,8,97
1843,97,8,97
1844,97,8,97
1845,97,8,97
1846,97,8,97
1847,97,8,97
1848,97,8,97
1849,97,8,97
1850,97,8,97
1851,97,8,97
1852,97,8,97
1853,97,8,97
1854,97,8,97
1855,97,8,97
1856,97,8,97
1857,97,8,97
1858,97,8,97
1859,97,8,97
1860,97,8,97
1861,97,8,97
1862,97,8,97
1863,97,8,97
1864,97,8,97
1865,97,8,97
1866,97,8,97
1867,97,8,97
1868,97,8,97
1869,97,8,97
1870,97,8,97
1871,97,8,97
1872,97,8,97
1873,97,8,97
1874,97,8,97
1875,97,8,97
1876,97,8,97
1877,97,8,97
1878,97,8,97
1879,97,8,97
1880,97,8,97
1881,97,8,97
1882,97,8,97
1883,97,8,97
1884,97,8,97
1885,97,8,97
1886,97,8,97
1887,97,8,97
1888,97,8,97
1889,97,8,97
1890,97,8,97
1891,97,8,97
1892,97,8,97
1893,97,8,97
1894,97,8,97
1895,97,8,97
1896,97,8,97
1897,97,8,97
1898,97,8,97
1899,97,8,97
1900,97,8,97
1901,97,8,97
1902,97,8,97
1903,97,8,97
1904,97,8,97
1905,97,8,97
1906,97,8,97
1907,97,8,97
1908,97,8,97
1909,97,8,97
1910,97,8,97
1911,97,8,97
1912,97,8,97
1913,97,8,97
1914,97,8,97
1915,97,8,97
1916,97,8,97
1917,97,8,97
1918,97,8,97
1919,97,8,97
1920,97,8,97
1921,97,8,97
1922,97,8,97
1923,97,8,97
1924,97,8,97
1925,97,8,97
1926,97,8,97
1927,97,8,97
1928,97,8,97
1929,97,8,97
1930,97,8,97
1931,97,8,97
1932,97,8,97
1933,97,8,97
1934,97,8,97
1935,97,8,97
1936,97,8,97
1937,97,8,97
1938,97,8,97
1939,97,8,97
1940,97,8,97
1941,97,8,97
1942,97,8,97
1943,97,8,97
1944,97,8,97
1945,97,8,97
1946,97,8,97
1947,97,8,97
1948,97,8,97
1949,97,8,97
1950,97,8,97
1951,97,8,97
1952,97,8,97
1953,97,8,97
1954,97,8,97
1955,97,8,97
1956,97,8,97
1957,97,8,97
1958,97,8,97
1959,97,8,97
1960,97,8,97
1961,97,8,97
1962,97,8,97
1963,97,8,97
1964,97,8,97
1965,97,8,97
1966,97,8,97
1967,97,8,97
1968,97,8,97
1969,97,8,97
1970,97,8,97
1971,97,8,97
1972,97,8,97
1973,97,8,97
1974,97,8,97
1975,97,8,97
1976,97,8,97
1977,97,8,97
1978,97,8,97
1979,97,8,97
1980,97,8,97
1981,97,8,97
1982,97,8,97
1983,97,8,97
1984,97,8,97
1985,97,8,97
1986,97,8,97
1987,97,8,97
1988,97,8,97
1989,97,8,97
1990,97,8,97
1991,97,8,97
1992,97,8,97
1993,97,8,97
1994,97,8,97
1995,97,8,97
1996,97,8,97
1997,97,8,97
1998,97,8,97
1999,97,8,97
2000,97,8,97
2001,97,8,97
2002,97,8,97
2003,97,8,97
2004,97,8,97
2005,97,8,97
2006,97,8,97
2007,97,8,97
2008,97,8,97
2009,97,8,97
2010,97,8,97
2011,97,8,97
2012,97,8,97
2013,97,8,97
2014,97,8,97
2015,97,8,97
2016,97,8,97
2017,97,8,97
2018,97,8,97
2019,97,8,97
2020,97,8,97
2021,97,8,97
2022,97,8,97
2023,97,8,97
2024,97,8,97
2025,97,8,97
2026,97,8,97
2027,97,8,97
2028,97,8,97
2029,97,8,97
2030,97,8,97
2031,97,8,97
2032,97,8,97
2033,97,8,97
2034,97,8,97
2035,97,8,97
2036,97,8,97
2037,97,8,97
2038,97,8,97
2039,97,8,97
2040,97,8,97
2041,97,8,97
2042,97,8,97
2043,97,8,97
2044,97,8,97
2045,97,8,97
2046,97,8,97
2047,97,8,97
2048,97,8,97
2049,97,8,97
2050,97,8,97
2051,97,8,97
2052,97,8,97
2053,97,8,97
2054,97,8,97
2055,97,8,97
2056,97,8,97
2057,97,8,97
2058,97,8,97
2059,97,8,97
2060,97,8,97
2061,97,8,97
2062,97,8,97
2063,97,8,97
2064,97,8,97
2065,97,8,97
2066,97,8,97
2067,97,8,97
2068,97,8,97
2069,97,8,97
2070,97,8,97
2071,97,8,97
2072,97,8,97
2073,97,8,97
2074,97,8,97
2075,97,8,97
2076,97,8,97
2077,97,8,97
2078,97,8,97
2079,97,8,97
2080,97,8,97
2081,97,8,97
2082,97,8,97
2083,97,8,97
2084,97,8,97
2085,97,8,97
2086,97,8,97
2087,97,8,97
2088,97,8,97
2089,97,8,97
2090,97,8,97
2091,97,8,97
2092,97,8,97
2093,97,8,97
2094,97,8,97
2095,97,8,97
2096,97,8,97
2097,97,8,97
2098,97,8,97
2099,97,8,97
2100,97,8,97
2101,97,8,97
2102,97,8,97
2103,97,8,97
2104,97,8,97
2105,97,8,97
2106,97,8,97
2107,97,8,97
2108,97,8,97
2109,97,8,97
2110,97,8,97
2111,97,8,97
2112,97,8,97
2113,97,8,97
2114,97,8,97
2115,97,8,97
2116,97,8,97
2117,97,8,97
2118,97,8,97
2119,97,8,97
2120,97,8,97
2121,97,8,97
2122,97,8,97
2123,97,8,97
2124,97,8,97
2125,97,8,97
2126,97,8,97
2127,97,8,97
2128,97,8,97
2129,97,8,97
2130,97,8,97
2131,97,8,97
2132,97,8,97
2133,97,8,97
2134,97,8,97
2135,97,8,97
2136,97,8,97
2137,97,8,97
2138,97,8,97
2139,97,8,97
2140,97,8,97
2141,97,8,97
2142,97,8,97
2143,97,8,97
2144,97,8,97
2145,97,8,97
2146,97,8,97
2147,97,8,97
2148,97,8,97
2149,97,8,97
2150,97,8,97
2151,97,8,97
2152,97,8,97
2153,97,8,97
2154,97,8,97
2155,97,8,97
2156,97,8,97
2157,97,8,97
2158,97,8,97
2159,97,8,97
2160,97,8,97
2161,97,8,97
2162,97,8,97
2163,97,8,97
2164,97,8,97
2165,97,8,97
2166,97,8,97
2167,97,8,97
2168,97,8,97
2169,97,8,97
2170,97,8,97
2171,97,8,97
2172,97,8,97
2173,97,8,97
2174,97,8,97
2175,97,8,97
2176,97,8,97
2177,97,8,97
2178,97,8,97
2179,97,8,97
2180,97,8,97
2181,97,8,97
2182,97,8,97
2183,97,8,97
2184,97,8,97
2185,97,8,97
2186,97,8,97
2187,97,8,97
2188,97,8,97
2189,97,8,97
2190,97,8,97
2191,97,8,97
2192,97,8,97
2193,97,8,97
2194,97,8,97
2195,97,8,97
2196,97,8,97
2197,97,8,97
2198,97,8,97
2199,97,8,97
2200,97,8,97
2201,97,8,97
2202,97,8,97
2203,97,8,97
2204,97,8,97
2205,97,8,97
2206,97,8,97
2207,97,8,97
2208,97,8,97
2209,97,8,97
2210,97,8,97
2211,97,8,97
2212,97,8,97
2213,97,8,97
2214,97,8,97
2215,97,8,97
2216,97,8,97
2217,97,8,97
2218,97,8,97
2219,97,8,97
2220,97,8,97
2221,97,8,97
2222,97,8,97
2223,97,8,97
2224,97,8,97
2225,97,8,97
2226,97,8,97
2227,97,8,97
2228,97,8,97
2229,97,8,97
2230,97,8,97
2231,97,8,97
2232,97,8,97
2233,97,8,97
2234,97,8,97
2235,97,8,97
2236,97,8,97
2237,97,8,97
2238,97,8,97
2239,97,8,97
2240,97,8,97
2241,97,8,97
2242,97,8,97
2243,97,8,97
2244,97,8,97
2245,97,8,97
2246,97,8,97
2247,97,8,97
2248,97,8,97
2249,97,8,97
2250,97,8,97
2251,97,8,97
2252,97,8,97
2253,97,8,97
2254,97,8,97
2255,97,8,97
2256,97,8,97
2257,97,8,97
2258,97,8,97
2259,97,8,97
2260,97,8,97
2261,97,8,97
2262,97,8,97
2263,97,8,97
2264,97,8,97
2265,97,8,97
2266,97,8,97
2267,97,8,97
2268,97,8,97
2269,97,8,97
2270,97,8,97
2271,97,8,97
2272,97,8,97
2273,97,8,97
2274,97,8,97
2275,97,8,97
2276,97,8,97
2277,97,8,97
2278,97,8,97
2279,97,8,97
2280,97,8,97
2281,97,8,97
2282,97,8,97
2283,97,8,97
2284,97,8,97
2285,97,8,97
2286,97,8,97
2287,97,8,97
2288,97,8,97
2289,97,8,97
2290,97,8,97
2291,97,8,97
2292,97,8,97
2293,97,8,97
2294,97,8,97
2295,97,8,97
2296,97,8,97
2297,97,8,97
2298,97,8,97
2299,97,8,97
2300,97,8,97
2301,97,8,97
2302,97,8,97
2303,97,8,97
2304,97,8,97
2305,97,8,97
2306,97,8,97
2307,97,8,97
2308,97,8,97
2309,97,8,97
2310,97,8,97
2311,97,8,97
2312,97,8,97
2313,97,8,97
2314,97,8,97
2315,97,8,97
2316,97,8,97
2317,97,8,97
2318,97,8,97
2319,97,8,97
2320,97,8,97
2321,97,8,97
2322,97,8,97
2323,97,8,97
2324,97,8,97
2325,97,8,97
2326,97,8,97
2327,97,8,97
2328,97,8,97
2329,97,8,97
2330,97,8,97
2331,97,8,97
2332,97,8,97
2333,97,8,97
2334,97,8,97
2335,97,8,97
2336,97,8,97
2337,97,8,97
2338,97,8,97
2339,97,8,97
2340,97,8,97
2341,97,8,97
2342,97,8,97
2343,97,8,97
2344,97,8,97
2345,97,8,97
2346,97,8,97
2347,97,8,97
2348,97,8,97
2349,97,8,97
2350,97,8,97
2351,97,8,97
2352,97,8,97
2353,97,8,97
2354,97,8,97
2355,97,8,97
2356,97,8,97
2357,97,8,97
2358,97,8,97
2359,97,8,97
2360,97,8,97
2361,97,8,97
2362,97,8,97
2363,97,8,97
2364,97,8,97
2365,97,8,97
2366,97,8,97
2367,97,8,97
2368,97,8,97
2369,97,8,97
2370,97,8,97
2371,97,8,97
2372,97,8,97
2373,97,8,97
2374,97,8,97
2375,97,8,97
2376,97,8,97
2377,97,8,97
2378,97,8,97
2379,97,8,97
2380,97,8,97
2381,97,8,97
2382,97,8,97
2383,97,8,97
2384,97,8,97
2385,97,8,97
2386,97,8,97
2387,97,8,97
2388,97,8,97
2389,97,8,97
2390,97,8,97
2391,97,8,97
2392,97,8,97
2393,97,8,97
2394,97,8,97
2395,97,8,97
2396,97,8,97
2397,97,8,97
2398,97,8,97
2399,97,8,97
2400,97,8,97
2401,97,8,97
2402,97,8,97
2403,97,8,97
2404,97,8,97
2405,97,8,97
2406,97,8,97
2407,97,8,97
2408,97,8,97
2409,97,8,97
2410,97,8,97
2411,97,8,97
2412,97,8,97
2413,97,8,97
2414,97,8,97
2415,97,8,97
2416,97,8,97
2417,97,8,97
2418,97,8,97
2419,97,8,97
2420,97,8,97
2421,97,8,97
2422,97,8,97
2423,97,8,97
2424,97,8,97
2425,97,8,97
2426,97,8,97
2427,97,8,97
2428,97,8,97
2429,97,8,97
2430,97,8,97
2431,97,8,97
2432,97,8,97
2433,97,8,97
2434,97,8,97
2435,97,8,97
2436,97,8,97
2437,97,8,97
2438,97,8,97
2439,97,8,97
2440,97,8,97
2441,97,8,97
2442,97,8,97
2443,97,8,97
2444,97,8,97
2445,97,8,97
2446,97,8,97
2447,97,8,97
2448,97,8,97
2449,97,8,97
2450,97,8,97
2451,97,8,97
2452,97,8,97
2453,97,8,97
2454,97,8,97
2455,97,8,97
2456,97,8,97
2457,97,8,97
2458,97,8,97
2459,97,8,97
2460,97,8,97
2461,97,8,97
2462,97,8,97
2463,97,8,97
2464,97,8,97
2465,97,8,97
2466,97,8,97
2467,97,8,97
2468,97,8,97
2469,97,8,97
2470,97,8,97
2471,97,8,97
2472,97,8,97
2473,97,8,97
2474,97,8,97
2475,97,8,97
2476,97,8,97
2477,97,8,97
2478,97,8,97
2479,97,8,97
2480,97,8,97
2481,97,8,97
2482,97,8,97
2483,97,8,97
2484,97,8,97
2485,97,8,97
2486,97,8,97
2487,97,8,97
2488,97,8,97
2489,97,8,97
2490,97,8,97
2491,97,8,97
2492,97,8,97
2493,97,8,97
2494,97,8,97
2495,97,8,97
2496,97,8,97
2497,97,8,97
2498,97,8,97
2499,97,8,97
2500,97,8,97
2501,97,8,97
2502,97,8,97
2503,97,8,97
2504,97,8,97
2505,97,8,97
2506,97,8,97
2507,97,8,97
2508,97,8,97
2509,97,8,97
2510,97,8,97
2511,97,8,97
2512,97,8,97
2513,97,8,97
2514,97,8,97
2515,97,8,97
2516,97,8,97
2517,97,8,97
2518,97,8,97
2519,97,8,97
2520,97,8,97
2521,97,8,97
2522,97,8,97
2523,97,8,97
2524,97,8,97
2525,97,8,97
2526,97,8,97
2527,97,8,97
2528,97,8,97
2529,97,8,97
2530,97,8,97
2531,97,8,97
2532,97,8,97
2533,97,8,97
2534,97,8,97
2535,97,8,97
2536,97,8,97
2537,97,8,97
2538,97,8,97
2539,97,8,97
2540,97,8,97
2541,97,8,97
2542,97,8,97
2543,97,8,97
2544,97,8,97
2545,97,8,97
2546,97,8,97
2547,97,8,97
2548,97,8,97
2549,97,8,97
2550,97,8,97
2551,97,8,97
2552,97,8,97
2553,97,8,97
2554,97,8,97
2555,97,8,97
2556,97,8,97
2557,97,8,97
2558,97,8,97
2559,97,8,97
2560,97,8,97
2561,97,8,97
2562,97,8,97
2563,97,8,97
2564,97,8,97
2565,97,8,97
2566,97,8,97
2567,97,8,97
2568,97,8,97
2569,97,8,97
2570,97,8,97
2571,97,8,97
2572,97,8,97
2573,97,8,97
2574,97,8,97
2575,97,8,97
2576,97,8,97
2577,97,8,97
2578,97,8,97
2579,97,8,97
2580,97,8,97
2581,97,8,97
2582,97,8,97
2583,97,8,97
2584,97,8,97
2585,97,8,97
2586,97,8,97
2587,97,8,97
2588,97,8,97
2589,97,8,97
2590,97,8,97
2591,97,8,97
2592,97,8,97
2593,97,8,97
2594,97,8,97
2595,97,8,97
2596,97,8,97
2597,97,8,97
2598,97,8,97
2599,97,8,97
2600,97,8,97
2601,97,8,97
2602,97,8,97
2603,97,8,97
2604,97,8,97
2605,97,8,97
2606,97,8,97
2607,97,8,97
2608,97,8,97
2609,97,8,97
2610,97,8,97
2611,97,8,97
2612,97,8,97
2613,97,8,97
2614,97,8,97
2615,97,8,97
2616,97,8,97
2617,97,8,97
2618,97,8,97
2619,97,8,97
2620,97,8,97
2621,97,8,97
2622,97,8,97
2623,97,8,97
2624,97,8,97
2625,97,8,97
2626,97,8,97
2627,97,8,97
2628,97,8,97
2629,97,8,97
2630,97,8,97
2631,97,8,97
2632,97,8,97
2633,97,8,97
2634,97,8,97
2635,97,8,97
2636,97,8,97
2637,97,8,97
2638,97,8,97
2639,97,8,97
2640,97,8,97
2641,97,8,97
2642,97,8,97
2643,97,8,97
2644,97,8,97
2645,97,8,97
2646,97,8,97
2647,97,8,97
2648,97,8,97
2649,97,8,97
2650,97,8,97
2651,97,8,97
2652,97,8,97
2653,97,8,97
2654,97,8,97
2655,97,8,97
2656,97,8,97
2657,97,8,97
2658,97,8,97
2659,97,8,97
2660,97,8,97
2661,97,8,97
2662,97,8,97
2663,97,8,97
2664,97,8,97
2665,97,8,97
2666,97,8,97
2667,97,8,97
2668,97,8,97
2669,97,8,97
2670,97,8,97
2671,97,8,97
2672,97,8,97
2673,97,8,97
2674,97,8,97
2675,97,8,97
2676,97,8,97
2677,97,8,97
2678,97,8,97
2679,97,8,97
2680,97,8,97
2681,97,8,97
2682,97,8,97
2683,97,8,97
2684,97,8,97
2685,97,8,97
2686,97,8,97
2687,97,8,97
2688,97,8,97
2689,97,8,97
2690,97,8,97
2691,97,8,97
2692,97,8,97
2693,97,8,97
2694,97,8,97
2695,97,8,97
2696,97,8,97
2697,97,8,97
2698,97,8,97
2699,97,8,97
2700,97,8,97
2701,97,8,97
2702,97,8,97
2703,97,8,97
2704,97,8,97
2705,97,8,97
2706,97,8,97
2707,97,8,97
2708,97,8,97
2709,97,8,97
2710,97,8,97
2711,97,8,97
2712,97,8,97
2713,97,8,97
2714,97,8,97
2715,97,8,97
2716,97,8,97
2717,97,8,97
2718,97,8,97
2719,97,8,97
2720,97,8,97
2721,97,8,97
2722,97,8,97
2723,97,8,97
2724,97,8,97
2725,97,8,97
2726,97,8,97
2727,97,8,97
2728,97,8,97
2729,97,8,97
2730,97,8,97
2731,97,8,97
2732,97,8,97
2733,97,8,97
2734,97,8,97
2735,97,8,97
2736,97,8,97
2737,97,8,97
2738,97,8,97
2739,97,8,97
2740,97,8,97
2741,97,8,97
2742,97,8,97
2743,97,8,97
2744,97,8,97
2745,97,8,97
2746,97,8,97
2747,97,8,97
2748,97,8,97
2749,97,8,97
2750,97,8,97
2751,97,8,97
2752,97,8,97
2753,97,8,97
2754,97,8,97
2755,97,8,97
2756,97,8,97
2757,97,8,97
2758,97,8,97
2759,97,8,97
2760,97,8,97
2761,97,8,97
2762,97,8,97
2763,97,8,97
2764,97,8,97
2765,97,8,97
2766,97,8,97
2767,97,8,97
2768,97,8,97
2769,97,8,97
2770,97,8,97
2771,97,8,97
2772,97,8,97
2773,97,8,97
2774,97,8,97
2775,97,8,97
2776,97,8,97
2777,97,8,97
2778,97,8,97
2779,97,8,97
2780,97,8,97
2781,97,8,97
2782,97,8,97
2783,97,8,97
2784,97,8,97
2785,97,8,97
2786,97,8,97
2787,97,8,97
2788,97,8,97
2789,97,8,97
2790,97,8,97
2791,97,8,97
2792,97,8,97
2793,97,8,97
2794,97,8,97
2795,97,8,97
2796,97,8,97
2797,97,8,97
2798,97,8,97
2799,97,8,97
2800,97,8,97
2801,97,8,97
2802,97,8,97
2803,97,8,97
2804,97,8,97
2805,97,8,97
2806,97,8,97
2807,97,8,97
2808,97,8,97
2809,97,8,97
2810,97,8,97
2811,97,8,97
2812,97,8,97
2813,97,8,97
2814,97,8,97
2815,97,8,97
2816,97,8,97
2817,97,8,97
2818,97,8,97
2819,97,8,97
2820,97,8,97
2821,97,8,97
2822,97,8,97
2823,97,8,97
2824,97,8,97
2825,97,8,97
2826,97,8,97
2827,97,8,97
2828,97,8,97
2829,97,8,97
2830,97,8,97
2831,97,8,97
2832,97,8,97
2833,97,8,97
2834,97,8,97
2835,97,8,97
2836,97,8,97
2837,97,8,97
2838,97,8,97
2839,97,8,97
2840,97,8,97
2841,97,8,97
2842,97,8,97
2843,97,8,97
2844,97,8,97
2845,97,8,97
2846,97,8,97
2847,97,8,97
2848,97,8,97
2849,97,8,97
2850,97,8,97
2851,97,8,97
2852,97,8,97
2853,97,8,97
2854,97,8,97
2855,97,8,97
2856,97,8,97
2857,97,8,97
2858,97,8,97
2859,97,8,97
2860,97,8,97
2861,97,8,97
2862,97,8,97
2863,97,8,97
2864,97,8,97
2865,97,8,97
2866,97,8,97
2867,97,8,97
2868,97,8,97
2869,97,8,97
2870,97,8,97
2871,97,8,97
2872,97,8,97
2873,97,8,97
2874,97,8,97
2875,97,8,97
2876,97,8,97
2877,97,8,97
2878,97,8,97
2879,97,8,97
2880,97,8,97
2881,97,8,97
2882,97,8,97
2883,97,8,97
2884,97,8,97
2885,97,8,97
2886,97,8,97
2887,97,8,97
2888,97,8,97
2889,97,8,97
2890,97,8,97
2891,97,8,97
2892,97,8,97
2893,97,8,97
2894,97,8,97
2895,97,8,97
2896,97,8,97
2897,97,8,97
2898,97,8,97
2899,97,8,97
2900,97,8,97
2901,97,8,97
2902,97,8,97
2903,97,8,97
2904,97,8,97
2905,97,8,97
2906,97,8,97
2907,97,8,97
2908,97,8,97
2909,97,8,97
2910,97,8,97
2911,97,8,97
2912,97,8,97
2913,97,8,97
2914,97,8,97
2915,97,8,97
2916,97,8,97
2917,97,8,97
2918,97,8,97
2919,97,8,97
2920,97,8,97
2921,97,8,97
2922,97,8,97
2923,97,8,97
2924,97,8,97
2925,97,8,97
2926,97,8,97
2927,97,8,97
2928,97,8,97
2929,97,8,97
2930,97,8,97
2931,97,8,97
2932,97,8,97
2933,97,8,97
2934,97,8,97
2935,97,8,97
2936,97,8,97
2937,97,8,97
2938,97,8,97
2939,97,8,97
2940,97,8,97
2941,97,8,97
2942,97,8,97
2943,97,8,97
2944,97,8,97
2945,97,8,97
2946,97,8,97
2947,97,8,97
2948,97,8,97
2949,97,8,97
2950,97,8,97
2951,97,8,97
2952,97,8,97
2953,97,8,97
2954,97,8,97
2955,97,8,97
2956,97,8,97
2957,97,8,97
2958,97,8,97
2959,97,8,97
2960,97,8,97
2961,97,8,97
2962,97,8,97
2963,97,8,97
2964,97,8,97
2965,97,8,97
2966,97,8,97
2967,97,8,97
2968,97,8,97
2969,97,8,97
2970,97,8,97
2971,97,8,97
2972,97,8,97
2973,97,8,97
2974,97,8,97
2975,97,8,97
2976,97,8,97
2977,97,8,97
2978,97,8,97
2979,97,8,97
2980,97,8,97
2981,97,8,97
2982,97,8,97
2983,97,8,97
2984,97,8,97
2985,97,8,97
2986,97,8,97
2987,97,8,97
2988,97,8,97
2989,97,8,97
2990,97,8,97
2991,97,8,97
2992,97,8,97
2993,97,8,97
2994,97,8,97
2995,97,8,97
2996,97,8,97
2997,97,8,97
2998,97,8,97
2999,97,8,97
3000,97,8,97
3001,97,8,97
3002,97,8,97
3003,97,8,97
3004,97,8,97
3005,97,8,97
3006,97,8,97
3007,97,8,97
3008,97,8,97
3009,97,8,97
3010,97,8,97
3011,97,8,97
3012,97,8,97
3013,97,8,97
3014,97,8,97
3015,97,8,97
3016,97,8,97
3017,97,8,97
3018,97,8,97
3019,97,8,97
3020,97,8,97
3021,97,8,97
3022,97,8,97
3023,97,8,97
3024,97,8,97
3025,97,8,97
3026,97,8,97
3027,97,8,97
3028,97,8,97
3029,97,8,97
3030,97,8,97
3031,97,8,97
3032,97,8,97
3033,97,8,97
3034,97,8,97
3035,97,8,97
3036,97,8,97
3037,97,8,97
3038,97,8,97
3039,97,8,97
3040,97,8,97
3041,97,8,97
3042,97,8,97
3043,97,8,97
3044,97,8,97
3045,97,8,97
3046,97,8,97
3047,97,8,97
3048,97,8,97
3049,97,8,97
3050,97,8,97
3051,97,8,97
3052,97,8,97
3053,97,8,97
3054,97,8,97
3055,97,8,97
3056,97,8,97
3057,97,8,97
3058,97,8,97
3059,97,8,97
3060,97,8,97
3061,97,8,97
3062,97,8,97
3063,97,8,97
3064,97,8,97
3065,97,8,97
3066,97,8,97
3067,97,8,97
3068,97,8,97
3069,97,8,97
3070,97,8,97
3071,97,8,97
3072,97,8,97
3073,97,8,97
3074,97,8,97
3075,97,8,97
3076,97,8,97
3077,97,8,97
3078,97,8,97
3079,97,8,97
3080,97,8,97
3081,97,8,97
3082,97,8,97
3083,97,8,97
3084,97,8,97
3085,97,8,97
3086,97,8,97
3087,97,8,97
3088,97,8,97
3089,97,8,97
3090,97,8,97
3091,97,8,97
3092,97,8,97
3093,97,8,97
3094,97,8,97
3095,97,8,97
3096,97,8,97
3097,97,8,97
3098,97,8,97
3099,97,8,97
3100,97,8,97
3101,97,8,97
3102,97,8,97
3103,97,8,97
3104,97,8,97
3105,97,8,97
3106,97,8,97
3107,97,8,97
3108,97,8,97
3109,97,8,97
3110,97,8,97
3111,97,8,97
3112,97,8,97
3113,97,8,97
3114,97,8,97
3115,97,8,97
3116,97,8,97
3117,97,8,97
3118,97,8,97
3119,97,8,97
3120,97,8,97
3121,97,8,97
3122,97,8,97
3123,97,8,97
3124,97,8,97
3125,97,8,97
3126,97,8,97
3127,97,8,97
3128,97,8,97
3129,97,8,97
3130,97,8,97
3131,97,8,97
3132,97,8,97
3133,97,8,97
3134,97,8,97
3135,97,8,97
3136,97,8,97
3137,97,8,97
3138,97,8,97
3139,97,8,97
3140,97,8,97
3141,97,8,97
3142,97,8,97
3143,97,8,97
3144,97,8,97
3145,97,8,97
3146,97,8,97
3147,97,8,97
3148,97,8,97
3149,97,8,97
3150,97,8,97
3151,97,8,97
3152,97,8,97
3153,97,8,97
3154,97,8,97
3155,97,8,97
3156,97,8,97
3157,97,8,97
3158,97,8,97
3159,97,8,97
3160,97,8,97
3161,97,8,97
3162,97,8,97
3163,97,8,97
3164,97,8,97
3165,97,8,97
3166,97,8,97
3167,97,8,97
3168,97,8,97
3169,97,8,97
3170,97,8,97
3171,97,8,97
3172,97,8,97
3173,97,8,97
3174,97,8,97
3175,97,8,97
3176,97,8,97
3177,97,8,97
3178,97,8,97
3179,97,8,97
3180,97,8,97
3181,97,8,97
3182,97,8,97
3183,97,8,97
3184,97,8,97
3185,97,8,97
3186,97,8,97
3187,97,8,97
3188,97,8,97
3189,97,8,97
3190,97,8,97
3191,97,8,97
3192,97,8,97
3193,97,8,97
3194,97,8,97
3195,97,8,97
3196,97,8,97
3197,97,8,97
3198,97,8,97
3199,97,8,97
3200,97,8,97
3201,97,8,97
3202,97,8,97
3203,97,8,97
3204,97,8,97
3205,97,8,97
3206,97,8,97
3207,97,8,97
3208,97,8,97
3209,97,8,97
3210,97,8,97
3211,97,8,97
3212,97,8,97
3213,97,8,97
3214,97,8,97
3215,97,8,97
3216,97,8,97
3217,97,8,97
3218,97,8,97
3219,97,8,97
3220,97,8,97
3221,97,8,97
3222,97,8,97
3223,97,8,97
3224,97,8,97
3225,97,8,97
3226,97,8,97
3227,97,8,97
3228,97,8,97
3229,97,8,97
3230,97,8,97
3231,97,8,97
3232,97,8,97
3233,97,8,97
3234,97,8,97
3235,97,8,97
3236,97,8,97
3237,97,8,97
3238,97,8,97
3239,97,8,97
3240,97,8,97
3241,97,8,97
3242,97,8,97
3243,97,8,97
3244,97,8,97
3245,97,8,97
3246,97,8,97
3247,97,8,97
3248,97,8,97
3249,97,8,97
3250,97,8,97
3251,97,8,97
3252,97,8,97
3253,97,8,97
3254,97,8,97
3255,97,8,97
3256,97,8,97
3257,97,8,97
3258,97,8,97
3259,97,8,97
3260,97,8,97
3261,97,8,97
3262,97,8,97
3263,97,8,97
3264,97,8,97
3265,97,8,97
3266,97,8,97
3267,97,8,97
3268,97,8,97
3269,97,8,97
3270,97,8,97
3271,97,8,97
3272,97,8,97
3273,97,8,97
3274,97,8,97
3275,97,8,97
3276,97,8,97
3277,97,8,97
3278,97,8,97
3279,97,8,97
3280,97,8,97
3281,97,8,97
3282,97,8,97
3283,97,8,97
3284,97,8,97
3285,97,8,97
3286,97,8,97
3287,97,8,97
3288,97,8,97
3289,97,8,97
3290,97,8,97
3291,97,8,97
3292,97,8,97
3293,97,8,97
3294,97,8,97
3295,97,8,97
3296,97,8,97
3297,97,8,97
3298,97,8,97
3299,97,8,97
3300,97,8,97
3301,97,8,97
3302,97,8,97
3303,97,8,97
3304,97,8,97
3305,97,8,97
3306,97,8,97
3307,97,8,97
3308,97,8,97
3309,97,8,97
3310,97,8,97
3311,97,8,97
3312,97,8,97
3313,97,8,97
3314,97,8,97
3315,97,8,97
3316,97,8,97
3317,97,8,97
3318,97,8,97
3319,97,8,97
3320,97,8,97
3321,97,8,97
3322,97,8,97
3323,97,8,97
3324,97,8,97
3325,97,8,97
3326,97,8,97
3327,97,8,97
3328,97,8,97
3329,97,8,97
3330,97,8,97
3331,97,8,97
3332,97,8,97
3333,97,8,97
3334,97,8,97
3335,97,8,97
3336,97,8,97
3337,97,8,97
3338,97,8,97
3339,97,8,97
3340,97,8,97
3341,97,8,97
3342,97,8,97
3343,97,8,97
3344,97,8,97
3345,97,8,97
3346,97,8,97
3347,97,8,97
3348,97,8,97
3349,97,8,97
3350,97,8,97
3351,97,8,97
3352,97,8,97
3353,97,8,97
3354,97,8,97
3355,97,8,97
3356,97,8,97
3357,97,8,97
3358,97,8,97
3359,97,8,97
3360,97,8,97
3361,97,8,97
3362,97,8,97
3363,97,8,97
3364,97,8,97
3365,97,8,97
3366,97,8,97
3367,97,8,97
3368,97,8,97
3369,97,8,97
3370,97,8,97
3371,97,8,97
3372,97,8,97
3373,97,8,97
3374,97,8,97
3375,97,8,97
3376,97,8,97
3377,97,8,97
3378,97,8,97
3379,97,8,97
3380,97,8,97
3381,97,8,97
3382,97,8,97
3383,97,8,97
3384,97,8,97
3385,97,8,97
3386,97,8,97
3387,97,8,97
3388,97,8,97
3389,97,8,97
3390,97,8,97
3391,97,8,97
3392,97,8,97
3393,97,8,97
3394,97,8,97
3395,97,8,97
3396,97,8,97
3397,97,8,97
3398,97,8,97
3399,97,8,97
3400,97,8,97
3401,97,8,97
3402,97,8,97
3403,97,8,97
3404,97,8,97
3405,97,8,97
3406,97,8,97
3407,97,8,97
3408,97,8,97
3409,97,8,97
3410,97,8,97
3411,97,8,97
3412,97,8,97
3413,97,8,97
3414,97,8,97
3415,97,8,97
3416,97,8,97
3417,97,8,97
3418,97,8,97
3419,97,8,97
3420,97,8,97
3421,97,8,97
3422,97,8,97
3423,97,8,97
3424,97,8,97
3425,97,8,97
3426,97,8,97
3427,97,8,97
3428,97,8,97
3429,97,8,97
3430,97,8,97
3431,97,8,97
3432,97,8,97
3433,97,8,97
3434,97,8,97
3435,97,8,97
3436,97,8,97
3437,97,8,97
3438,97,8,97
3439,97,8,97
3440,97,8,97
3441,97,8,97
3442,97,8,97
3443,97,8,97
3444,97,8,97
3445,97,8,97
3446,97,8,97
3447,97,8,97
3448,97,8,97
3449,97,8,97
3450,97,8,97
3451,97,8,97
3452,97,8,97
3453,97,8,97
3454,97,8,97
3455,97,8,97
3456,97,8,97
3457,97,8,97
3458,97,8,97
3459,97,8,97
3460,97,8,97
3461,97,8,97
3462,97,8,97
3463,97,8,97
3464,97,8,97
3465,97,8,97
3466,97,8,97
3467,97,8,97
3468,97,8,97
3469,97,8,97
3470,97,8,97
3471,97,8,97
3472,97,8,97
3473,97,8,97
3474,97,8,97
3475,97,8,97
3476,97,8,97
3477,97,8,97
3478,97,8,97
3479,97,8,97
3480,97,8,97
3481,97,8,97
3482,97,8,97
3483,97,8,97
3484,97,8,97
3485,97,8,97
3486,97,8,97
3487,97,8,97
3488,97,8,97
3489,97,8,97
3490,97,8,97
3491,97,8,97
3492,97,8,97
3493,97,8,97
3494,97,8,97
3495,97,8,97
3496,97,8,97
3497,97,8,97
3498,97,8,97
3499,97,8,97
3500,97,8,97
3501,97,8,97
3502,97,8,97
3503,97,8,97
3504,97,8,97
3505,97,8,97
3506,97,8,97
3507,97,8,97
3508,97,8,97
3509,97,8,97
3510,97,8,97
3511,97,8,97
3512,97,8,97
3513,97,8,97
3514,97,8,97
3515,97,8,97
3516,97,8,97
3517,97,8,97
3518,97,8,97
3519,97,8,97
3520,97,8,97
3521,97,8,97
3522,97,8,97
3523,97,8,97
3524,97,8,97
3525,97,8,97
3526,97,8,97
3527,97,8,97
3528,97,8,97
3529,97,8,97
3530,97,8,97
3531,97,8,97
3532,97,8,97
3533,97,8,97
3534,97,8,97
3535,97,8,97
3536,97,8,97
3537,97,8,97
3538,97,8,97
3539,97,8,97
3540,97,8,97
3541,97,8,97
3542,97,8,97
3543,97,8,97
3544,97,8,97
3545,97,8,97
3546,97,8,97
3547,97,8,97
3548,97,8,97
3549,97,8,97
3550,97,8,97
3551,97,8,97
3552,97,8,97
3553,97,8,97
3554,97,8,97
3555,97,8,97
3556,97,8,97
3557,97,8,97
3558,97,8,97
3559,97,8,97
3560,97,8,97
3561,97,8,97
3562,97,8,97
3563,97,8,97
3564,97,8,97
3565,97,8,97
3566,97,8,97
3567,97,8,97
3568,97,8,97
3569,97,8,97
3570,97,8,97
3571,97,8,97
3572,97,8,97
3573,97,8,97
3574,97,8,97
3575,97,8,97
3576,97,8,97
3577,97,8,97
3578,97,8,97
3579,97,8,97
3580,97,8,97
3581,97,8,97
3582,97,8,97
3583,97,8,97
3584,97,8,97
3585,97,8,97
3586,97,8,97
3587,97,8,97
3588,97,8,97
3589,97,8,97
3590,97,8,97
3591,97,8,97
3592,97,8,97
3593,97,8,97
3594,97,8,97
3595,97,8,97
3596,97,8,97
3597,97,8,97
3598,97,8,97
3599,97,8,97
3600,97,8,97
3601,97,8,97
3602,97,8,97
3603,97,8,97
3604,97,8,97
3605,97,8,97
3606,97,8,97
3607,97,8,97
3608,97,8,97
3609,97,8,97
3610,97,8,97
3611,97,8,97
3612,97,8,97
3613,97,8,97
3614,97,8,97
3615,97,8,97
3616,97,8,97
3617,97,8,97
3618,97,8,97
3619,97,8,97
3620,97,8,97
3621,97,8,97
3622,97,8,97
3623,97,8,97
3624,97,8,97
3625,97,8,97
3626,97,8,97
3627,97,8,97
3628,97,8,97
3629,97,8,97
3630,97,8,97
3631,97,8,97
3632,97,8,97
3633,97,8,97
3634,97,8,97
3635,97,8,97
3636,97,8,97
3637,97,8,97
3638,97,8,97
3639,97,8,97
3640,97,8,97
3641,97,8,97
3642,97,8,97
3643,97,8,97
3644,97,8,97
3645,97,8,97
3646,97,8,97
3647,97,8,97
3648,97,8,97
3649,97,8,97
3650,97,8,97
3651,97,8,97
3652,97,8,97
3653,97,8,97
3654,97,8,97
3655,97,8,97
3656,97,8,97
3657,97,8,97
3658,97,8,97
3659,97,8,97
3660,97,8,97
3661,97,8,97
3662,97,8,97
3663,97,8,97
3664,97,8,97
3665,97,8,97
3666,97,8,97
3667,97,8,97
3668,97,8,97
3669,97,8,97
3670,97,8,97
3671,97,8,97
3672,97,8,97
3673,97,8,97
3674,97,8,97
3675,97,8,97
3676,97,8,97
3677,97,8,97
3678,97,8,97
3679,97,8,97
3680,97,8,97
3681,97,8,97
3682,97,8,97
3683,97,8,97
3684,97,8,97
3685,97,8,97
3686,97,8,97
3687,97,8,97
3688,97,8,97
3689,97,8,97
3690,97,8,97
3691,97,8,97
3692,97,8,97
3693,97,8,97
3694,97,8,97
3695,97,8,97
3696,97,8,97
3697,97,8,97
3698,97,8,97
3699,97,8,97
3700,97,8,97
3701,97,8,97
3702,97,8,97
3703,97,8,97
3704,97,8,97
3705,97,8,97
3706,97,8,97
3707,97,8,97
3708,97,8,97
3709,97,8,97
3710,97,8,97
3711,97,8,97
3712,97,8,97
3713,97,8,97
3714,97,8,97
3715,97,8,97
3716,97,8,97
3717,97,8,97
3718,97,8,97
3719,97,8,97
3720,97,8,97
3721,97,8,97
3722,97,8,97
3723,97,8,97
3724,97,8,97
3725,97,8,97
3726,97,8,97
3727,97,8,97
3728,97,8,97
3729,97,8,97
3730,97,8,97
3731,97,8,97
3732,97,8,97
3733,97,8,97
3734,97,8,97
3735,97,8,97
3736,97,8,97
3737,97,8,97
3738,97,8,97
3739,97,8,97
3740,97,8,97
3741,97,8,97
3742,97,8,97
3743,97,8,97
3744,97,8,97
3745,97,8,97
3746,97,8,97
3747,97,8,97
3748,97,8,97
3749,97,8,97
3750,97,8,97
3751,97,8,97
3752,97,8,97
3753,97,8,97
3754,97,8,97
3755,97,8,97
3756,97,8,97
3757,97,8,97
3758,97,8,97
3759,97,8,97
3760,97,8,97
3761,97,8,97
3762,97,8,97
3763,97,8,97
3764,97,8,97
3765,97,8,97
3766,97,8,97
3767,97,8,97
3768,97,8,97
3769,97,8,97
3770,97,8,97
3771,97,8,97
3772,97,8,97
3773,97,8,97
3774,97,8,97
3775,97,8,97
3776,97,8,97
3777,97,8,97
3778,97,8,97
3779,97,8,97
3780,97,8,97
3781,97,8,97
3782,97,8,97
3783,97,8,97
3784,97,8,97
3785,97,8,97
3786,97,8,97
3787,97,8,97
3788,97,8,97
3789,97,8,97
3790,97,8,97
3791,97,8,97
3792,97,8,97
3793,97,8,97
3794,97,8,97
3795,97,8,97
3796,97,8,97
3797,97,8,97
3798,97,8,97
3799,97,8,97
3800,97,8,97
3801,97,8,97
3802,97,8,97
3803,97,8,97
3804,97,8,97
3805,97,8,97
3806,97,8,97
3807,97,8,97
3808,97,8,97
3809,97,8,97
3810,97,8,97
3811,97,8,97
3812,97,8,97
3813,97,8,97
3814,97,8,97
3815,97,8,97
3816,97,8,97
3817,97,8,97
3818,97,8,97
3819,97,8,97
3820,97,8,97
3821,97,8,97
3822,97,8,97
3823,97,8,97
3824,97,8,97
3825,97,8,97
3826,97,8,97
3827,97,8,97
3828,97,8,97
3829,97,8,97
3830,97,8,97
3831,97,8,97
3832,97,8,97
3833,97,8,97
3834,97,8,97
3835,97,8,97
3836,97,8,97
3837,97,8,97
3838,97,8,97
3839,97,8,97
3840,97,8,97
3841,97,8,97
3842,97,8,97
3843,97,8,97
3844,97,8,97
3845,97,8,97
3846,97,8,97
3847,97,8,97
3848,97,8,97
3849,97,8,97
3850,97,8,97
3851,97,8,97
3852,97,8,97
3853,97,8,97
3854,97,8,97
3855,97,8,97
3856,97,8,97
3857,97,8,97
3858,97,8,97
3859,97,8,97
3860,97,8,97
3861,97,8,97
3862,97,8,97
3863,97,8,97
3864,97,8,97
3865,97,8,97
3866,97,8,97
3867,97,8,97
3868,97,8,97
3869,97,8,97
3870,97,8,97
3871,97,8,97
3872,97,8,97
3873,97,8,97
3874,97,8,97
3875,97,8,97
3876,97,8,97
3877,97,8,97
3878,97,8,97
3879,97,8,97
3880,97,8,97
3881,97,8,97
3882,97,8,97
3883,97,8,97
3884,97,8,97
3885,97,8,97
3886,97,8,97
3887,97,8,97
3888,97,8,97
3889,97,8,97
3890,97,8,97
3891,97,8,97
3892,97,8,97
3893,97,8,97
3894,97,8,97
3895,97,8,97
3896,97,8,97
3897,97,8,97
3898,97,8,97
3899,97,8,97
3900,97,8,97
3901,97,8,97
3902,97,8,97
3903,97,8,97
3904,97,8,97
3905,97,8,97
3906,97,8,97
3907,97,8,97
3908,97,8,97
3909,97,8,97
3910,97,8,97
3911,97,8,97
3912,97,8,97
3913,97,8,97
3914,97,8,97
3915,97,8,97
3916,97,8,97
3917,97,8,97
3918,97,8,97
3919,97,8,97
3920,97,8,97
3921,97,8,97
3922,97,8,97
3923,97,8,97
3924,97,8,97
3925,97,8,97
3926,97,8,97
3927,97,8,97
3928,97,8,97
3929,97,8,97
3930,97,8,97
3931,97,8,97
3932,97,8,97
3933,97,8,97
3934,97,8,97
3935,97,8,97
3936,97,8,97
3937,97,8,97
3938,97,8,97
3939,97,8,97
3940,97,8,97
3941,97,8,97
3942,97,8,97
3943,97,8,97
3944,97,8,97
3945,97,8,97
3946,97,8,97
3947,97,8,97
3948,97,8,97
3949,97,8,97
3950,97,8,97
3951,97,8,97
3952,97,8,97
3953,97,8,97
3954,97,8,97
3955,97,8,97
3956,97,8,97
3957,97,8,97
3958,97,8,97
3959,97,8,97
3960,97,8,97
3961,97,8,97
3962,97,8,97
3963,97,8,97
3964,97,8,97
3965,97,8,97
3966,97,8,97
3967,97,8,97
3968,97,8,97
3969,97,8,97
3970,97,8,97
3971,97,8,97
3972,97,8,97
3973,97,8,97
3974,97,8,97
3975,97,8,97
3976,97,8,97
3977,97,8,97
3978,97,8,97
3979,97,8,97
3980,97,8,97
3981,97,8,97
3982,97,8,97
3983,97,8,97
3984,97,8,97
3985,97,8,97
3986,97,8,97
3987,97,8,97
3988,97,8,97
3989,97,8,97
3990,97,8,97
3991,97,8,97
3992,97,8,97
3993,97,8,97
3994,97,8,97
3995,97,8,97
3996,97,8,97
3997,97,8,97
3998,97,8,97
3999,97,8,97
4000,97,8,97
4001,97,8,97
4002,97,8,97
4003,97,8,97
4004,97,8,97
4005,97,8,97
4006,97,8,97
4007,97,8,97
4008,97,8,97
4009,97,8,97
4010,97,8,97
4011,97,8,97
4012,97,8,97
4013,97,8,97
4014,97,8,97
4015,97,8,97
4016,97,8,97
4017,97,8,97
4018,97,8,97
4019,97,8,97
4020,97,8,97
4021,97,8,97
4022,97,8,97
4023,97,8,97
4024,97,8,97
4025,97,8,97
4026,97,8,97
4027,97,8,97
4028,97,8,97
4029,97,8,97
4030,97,8,97
4031,97,8,97
4032,97,8,97
4033,97,8,97
4034,97,8,97
4035,97,8,97
4036,97,8,97
4037,97,8,97
4038,97,8,97
4039,97,8,97
4040,97,8,97
4041,97,8,97
4042,97,8,97
4043,97,8,97
4044,97,8,97
4045,97,8,97
4046,97,8,97
4047,97,8,97
4048,97,8,97
4049,97,8,97
4050,97,8,97
4051,97,8,97
4052,97,8,97
4053,97,8,97
4054,97,8,97
4055,97,8,97
4056,97,8,97
4057,97,8,97
4058,97,8,97
4059,97,8,97
4060,97,8,97
4061,97,8,97
4062,97,8,97
4063,97,8,97
4064,97,8,97
4065,97,8,97
4066,97,8,97
4067,97,8,97
4068,97,8,97
4069,97,8,97
4070,97,8,97
4071,97,8,97
4072,97,8,97
4073,97,8,97
4074,97,8,97
4075,97,8,97
4076,97,8,97
4077,97,8,97
4078,97,8,97
4079,97,8,97
4080,97,8,97
4081,97,8,97
4082,97,8,97
4083,97,8,97
4084,97,8,97
4085,97,8,97
4086,97,8,97
4087,97,8,97
4088,97,8,97
4089,97,8,97
4090,97,8,97
4091,97,8,97
4092,97,8,97
4093,97,8,97
4094,97,8,97
4095,97,8,97
4096,97,8,97
4097,97,8,97
4098,97,8,97
4099,97,8,97
4100,97,8,97
4101,97,8,97
4102,97,8,97
4103,97,8,97
4104,97,8,97
4105,97,8,97
4106,97,8,97
4107,97,8,97
4108,97,8,97
4109,97,8,97
4110,97,8,97
4111,97,8,97
4112,97,8,97
4113,97,8,97
4114,97,8,97
4115,97,8,97
4116,97,8,97
4117,97,8,97
4118,97,8,97
4119,97,8,97
4120,97,8,97
4121,97,8,97
4122,97,8,97
4123,97,8,97
4124,97,8,97
4125,97,8,97
4126,97,8,97
4127,97,8,97
4128,97,8,97
4129,97,8,97
4130,97,8,97
4131,97,8,97
4132,97,8,97
4133,97,8,97
4134,97,8,97
4135,97,8,97
4136,97,8,97
4137,97,8,97
4138,97,8,97
4139,97,8,97
4140,97,8,97
4141,97,8,97
4142,97,8,97
4143,97,8,97
4144,97,8,97
4145,97,8,97
4146,97,8,97
4147,97,8,97
4148,97,8,97
4149,97,8,97
4150,97,8,97
4151,97,8,97
4152,97,8,97
4153,97,8,97
4154,97,8,97
4155,97,8,97
4156,97,8,97
4157,97,8,97
4158,97,8,97
4159,97,8,97
4160,97,8,97
4161,97,8,97
4162,97,8,97
4163,97,8,97
4164,97,8,97
4165,97,8,97
4166,97,8,97
4167,97,8,97
4168,97,8,97
4169,97,8,97
4170,97,8,97
4171,97,8,97
4172,97,8,97
4173,97,8,97
4174,97,8,97
4175,97,8,97
4176,97,8,97
4177,97,8,97
4178,97,8,97
4179,97,8,97
4180,97,8,97
4181,97,8,97
4182,97,8,97
4183,97,8,97
4184,97,8,97
4185,97,8,97
4186,97,8,97
4187,97,8,97
4188,97,8,97
4189,97,8,97
4190,97,8,97
4191,97,8,97
4192,97,8,97
4193,97,8,97
4194,97,8,97
4195,97,8,97
4196,97,8,97
4197,97,8,97
4198,97,8,97
4199,97,8,97
4200,97,8,97
4201,97,8,97
4202,97,8,97
4203,97,8,97
4204,97,8,97
4205,97,8,97
4206,97,8,97
4207,97,8,97
4208,97,8,97
4209,97,8,97
4210,97,8,97
4211,97,8,97
4212,97,8,97
4213,97,8,97
4214,97,8,97
4215,97,8,97
4216,97,8,97
4217,97,8,97
4218,97,8,97
4219,97,8,97
4220,97,8,97
4221,97,8,97
4222,97,8,97
4223,97,8,97
4224,97,8,97
4225,97,8,97
4226,97,8,97
4227,97,8,97
4228,97,8,97
4229,97,8,97
4230,97,8,97
4231,97,8,97
4232,97,8,97
4233,97,8,97
4234,97,8,97
4235,97,8,97
4236,97,8,97
4237,97,8,97
4238,97,8,97
4239,97,8,97
4240,97,8,97
4241,97,8,97
4242,97,8,97
4243,97,8,97
4244,97,8,97
4245,97,8,97
4246,97,8,97
4247,97,8,97
4248,97,8,97
4249,97,8,97
4250,97,8,97
4251,97,8,97
4252,97,8,97
4253,97,8,97
4254,97,8,97
4255,97,8,97
4256,97,8,97
4257,97,8,97
4258,97,8,97
4259,97,8,97
4260,97,8,97
4261,97,8,97
4262,97,8,97
4263,97,8,97
4264,97,8,97
4265,97,8,97
4266,97,8,97
4267,97,8,97
4268,97,8,97
4269,97,8,97
4270,97,8,97
4271,97,8,97
4272,97,8,97
4273,97,8,97
4274,97,8,97
4275,97,8,97
4276,97,8,97
4277,97,8,97
4278,97,8,97
4279,97,8,97
4280,97,8,97
4281,97,8,97
4282,97,8,97
4283,97,8,97
4284,97,8,97
4285,97,8,97
4286,97,8,97
4287,97,8,97
4288,97,8,97
4289,97,8,97
4290,97,8,97
4291,97,8,97
4292,97,8,97
4293,97,8,97
4294,97,8,97
4295,97,8,97
4296,97,8,97
4297,97,8,97
4298,97,8,97
4299,97,8,97
4300,97,8,97
4301,97,8,97
4302,97,8,97
4303,97,8,97
4304,97,8,97
4305,97,8,97
4306,97,8,97
4307,97,8,97
4308,97,8,97
4309,97,8,97
4310,97,8,97
4311,97,8,97
4312,97,8,97
4313,97,8,97
4314,97,8,97
4315,97,8,97
4316,97,8,97
4317,97,8,97
4318,97,8,97
4319,97,8,97
4320,97,8,97
4321,97,8,97
4322,97,8,97
4323,97,8,97
4324,97,8,97
4325,97,8,97
4326,97,8,97
4327,97,8,97
4328,97,8,97
4329,97,8,97
4330,97,8,97
4331,97,8,97
4332,97,8,97
4333,97,8,97
4334,97,8,97
4335,97,8,97
4336,97,8,97
4337,97,8,97
4338,97,8,97
4339,97,8,97
4340,97,8,97
4341,97,8,97
4342,97,8,97
4343,97,8,97
4344,97,8,97
4345,97,8,97
4346,97,8,97
4347,97,8,97
4348,97,8,97
4349,97,8,97
4350,97,8,97
4351,97,8,97
4352,97,8,97
4353,97,8,97
4354,97,8,97
4355,97,8,97
4356,97,8,97
4357,97,8,97
4358,97,8,97
4359,97,8,97
4360,97,8,97
4361,97,8,97
4362,97,8,97
4363,97,8,97
4364,97,8,97
4365,97,8,97
4366,97,8,97
4367,97,8,97
4368,97,8,97
4369,97,8,97
4370,97,8,97
4371,97,8,97
4372,97,8,97
4373,97,8,97
4374,97,8,97
4375,97,8,97
4376,97,8,97
4377,97,8,97
4378,97,8,97
4379,97,8,97
4380,97,8,97
4381,97,8,97
4382,97,8,97
4383,97,8,97
4384,97,8,97
4385,97,8,97
4386,97,8,97
4387,97,8,97
4388,97,8,97
4389,97,8,97
4390,97,8,97
4391,97,8,97
4392,97,8,97
4393,97,8,97
4394,97,8,97
4395,97,8,97
4396,97,8,97
4397,97,8,97
4398,97,8,97
4399,97,8,97
4400,97,8,97
4401,97,8,97
4402,97,8,97
4403,97,8,97
4404,97,8,97
4405,97,8,97
4406,97,8,97
4407,97,8,97
4408,97,8,97
4409,97,8,97
4410,97,8,97
4411,97,8,97
4412,97,8,97
4413,97,8,97
4414,97,8,97
4415,97,8,97
4416,97,8,97
4417,97,8,97
4418,97,8,97
4419,97,8,97
4420,97,8,97
4421,97,8,97
4422,97,8,97
4423,97,8,97
4424,97,8,97
4425,97,8,97
4426,97,8,97
4427,97,8,97
4428,97,8,97
4429,97,8,97
4430,97,8,97
4431,97,8,97
4432,97,8,97
4433,97,8,97
4434,97,8,97
4435,97,8,97
4436,97,8,97
4437,97,8,97
4438,97,8,97
4439,97,8,97
4440,97,8,97
4441,97,8,97
4442,97,8,97
4443,97,8,97
4444,97,8,97
4445,97,8,97
4446,97,8,97
4447,97,8,97
4448,97,8,97
4449,97,8,97
4450,97,8,97
4451,97,8,97
4452,97,8,97
4453,97,8,97
4454,97,8,97
4455,97,8,97
4456,97,8,97
4457,97,8,97
4458,97,8,97
4459,97,8,97
4460,97,8,97
4461,97,8,97
4462,97,8,97
4463,97,8,97
4464,97,8,97
4465,97,8,97
4466,97,8,97
4467,97,8,97
4468,97,8,97
4469,97,8,97
4470,97,8,97
4471,97,8,97
4472,97,8,97
4473,97,8,97
4474,97,8,97
4475,97,8,97
4476,97,8,97
4477,97,8,97
4478,97,8,97
4479,97,8,97
4480,97,8,97
4481,97,8,97
4482,97,8,97
4483,97,8,97
4484,97,8,97
4485,97,8,97
4486,97,8,97
4487,97,8,97
4488,97,8,97
4489,97,8,97
4490,97,8,97
4491,97,8,97
4492,97,8,97
